{"cameraMode":{"drawMode":0,"name":"Shaded","section":"Shading Mode"},"sceneLighting":true,"audioPlay":false,"sceneViewState":{"m_AlwaysRefresh":false,"showFog":true,"showSkybox":true,"showFlares":true,"showImageEffects":true,"showParticleSystems":true,"showVisualEffectGraphs":true,"m_FxEnabled":true},"in2DMode":false,"pivot":{"x":3.718813896179199,"y":3.8821494579315187,"z":32.069496154785159},"rotation":{"x":-0.01042401883751154,"y":-0.9809197783470154,"z":0.1864250898361206,"w":-0.055067241191864017},"size":1.2247449159622193,"orthographic":false}