{"cameraMode":{"drawMode":0,"name":"Shaded","section":"Shading Mode"},"sceneLighting":false,"audioPlay":false,"sceneViewState":{"m_AlwaysRefresh":false,"showFog":true,"showSkybox":false,"showFlares":true,"showImageEffects":true,"showParticleSystems":true,"showVisualEffectGraphs":true,"m_FxEnabled":true},"in2DMode":false,"pivot":{"x":-63.76034927368164,"y":8.547258377075196,"z":32.309661865234378},"rotation":{"x":0.004304839298129082,"y":-0.9942070841789246,"z":0.04478871449828148,"w":0.0999869704246521},"size":31.212987899780275,"orthographic":false}