{"cameraMode":{"drawMode":0,"name":"Shaded","section":"Shading Mode"},"sceneLighting":false,"audioPlay":false,"sceneViewState":{"m_AlwaysRefresh":false,"showFog":true,"showSkybox":false,"showFlares":true,"showImageEffects":true,"showParticleSystems":true,"showVisualEffectGraphs":true,"m_FxEnabled":true},"in2DMode":false,"pivot":{"x":0.018909871578216554,"y":0.1551782190799713,"z":0.014695852994918824},"rotation":{"x":0.21241265535354615,"y":-0.015778161585330964,"z":0.00398574722930789,"w":0.9774197936058044},"size":0.4316948652267456,"orthographic":false}