{"cameraMode":{"drawMode":0,"name":"Shaded","section":"Shading Mode"},"sceneLighting":true,"audioPlay":false,"sceneViewState":{"m_AlwaysRefresh":false,"showFog":true,"showSkybox":true,"showFlares":true,"showImageEffects":true,"showParticleSystems":true,"showVisualEffectGraphs":true,"m_FxEnabled":true},"in2DMode":false,"pivot":{"x":227.05239868164063,"y":-130.87908935546876,"z":632.2523803710938},"rotation":{"x":-0.19848652184009553,"y":-0.33990180492401125,"z":0.07370615005493164,"w":-0.9164925217628479},"size":642.7910766601563,"orthographic":false}