{"cameraMode":{"drawMode":0,"name":"Shaded","section":"Shading Mode"},"sceneLighting":true,"audioPlay":false,"sceneViewState":{"m_AlwaysRefresh":false,"showFog":true,"showSkybox":true,"showFlares":true,"showImageEffects":true,"showParticleSystems":true,"showVisualEffectGraphs":true,"m_FxEnabled":true},"in2DMode":false,"pivot":{"x":157.35791015625,"y":169.02340698242188,"z":231.86361694335938},"rotation":{"x":0.009292442351579667,"y":0.7647536396980286,"z":0.011380373500287533,"w":-0.6442931294441223},"size":120.91243743896485,"orthographic":false}