{"cameraMode":{"drawMode":0,"name":"Shaded","section":"Shading Mode"},"sceneLighting":false,"audioPlay":false,"sceneViewState":{"m_AlwaysRefresh":false,"showFog":true,"showSkybox":false,"showFlares":true,"showImageEffects":true,"showParticleSystems":true,"showVisualEffectGraphs":true,"m_FxEnabled":true},"in2DMode":false,"pivot":{"x":20.028358459472658,"y":0.9789018630981445,"z":-4.059079170227051},"rotation":{"x":0.15453830361366273,"y":0.6902928352355957,"z":-0.15464748442173005,"w":0.6898165345191956},"size":1.0848644971847535,"orthographic":false}