{"cameraMode":{"drawMode":0,"name":"Shaded","section":"Shading Mode"},"sceneLighting":true,"audioPlay":false,"sceneViewState":{"m_AlwaysRefresh":false,"showFog":true,"showSkybox":true,"showFlares":true,"showImageEffects":true,"showParticleSystems":true,"showVisualEffectGraphs":true,"m_FxEnabled":true},"in2DMode":false,"pivot":{"x":-1.9302830696105958,"y":19.042648315429689,"z":-0.04454636573791504},"rotation":{"x":0.20141203701496125,"y":0.3786674737930298,"z":-0.08481575548648834,"w":0.8994089961051941},"size":16.820411682128908,"orthographic":false}