{"cameraMode":{"drawMode":0,"name":"Shaded","section":"Shading Mode"},"sceneLighting":true,"audioPlay":false,"sceneViewState":{"m_AlwaysRefresh":false,"showFog":true,"showSkybox":true,"showFlares":true,"showImageEffects":true,"showParticleSystems":true,"showVisualEffectGraphs":true,"m_FxEnabled":true},"in2DMode":false,"pivot":{"x":69.64801025390625,"y":11.535179138183594,"z":21.387619018554689},"rotation":{"x":-0.009437106549739838,"y":-0.9885187149047852,"z":0.06970133632421494,"w":-0.1342296004295349},"size":1.8218635320663453,"orthographic":false}