{"cameraMode":{"drawMode":0,"name":"Shaded","section":"Shading Mode"},"sceneLighting":true,"audioPlay":false,"sceneViewState":{"m_AlwaysRefresh":false,"showFog":true,"showSkybox":true,"showFlares":true,"showImageEffects":true,"showParticleSystems":true,"showVisualEffectGraphs":true,"m_FxEnabled":true},"in2DMode":false,"pivot":{"x":-29.90029525756836,"y":11.775858879089356,"z":93.55961608886719},"rotation":{"x":-0.038658905774354938,"y":0.013540104031562806,"z":0.0018993624253198505,"w":0.9991328716278076},"size":70.87789154052735,"orthographic":false}