{"cameraMode":{"drawMode":0,"name":"Shaded","section":"Shading Mode"},"sceneLighting":true,"audioPlay":false,"sceneViewState":{"m_AlwaysRefresh":false,"showFog":true,"showSkybox":true,"showFlares":true,"showImageEffects":true,"showParticleSystems":true,"showVisualEffectGraphs":true,"m_FxEnabled":true},"in2DMode":false,"pivot":{"x":21.427303314208986,"y":-1.472123622894287,"z":41.824398040771487},"rotation":{"x":0.03418616205453873,"y":0.46024495363235476,"z":-0.01618337258696556,"w":0.8869540095329285},"size":47.694053649902347,"orthographic":false}