{"cameraMode":{"drawMode":0,"name":"Shaded","section":"Shading Mode"},"sceneLighting":true,"audioPlay":false,"sceneViewState":{"m_AlwaysRefresh":false,"showFog":true,"showSkybox":true,"showFlares":true,"showImageEffects":true,"showParticleSystems":true,"showVisualEffectGraphs":true,"m_FxEnabled":true},"in2DMode":false,"pivot":{"x":21.27947998046875,"y":3.5272066593170168,"z":3.0018839836120607},"rotation":{"x":-0.22056198120117188,"y":0.6176011562347412,"z":-0.18619193136692048,"w":-0.7316108345985413},"size":1.1294149160385132,"orthographic":false}