{"cameraMode":{"drawMode":0,"name":"Shaded","section":"Shading Mode"},"sceneLighting":true,"audioPlay":false,"sceneViewState":{"m_AlwaysRefresh":false,"showFog":true,"showSkybox":true,"showFlares":true,"showImageEffects":true,"showParticleSystems":true,"showVisualEffectGraphs":true,"m_FxEnabled":true},"in2DMode":false,"pivot":{"x":34.789772033691409,"y":14.071744918823243,"z":-32.15831756591797},"rotation":{"x":-0.038390714675188068,"y":0.9606175422668457,"z":-0.20915284752845765,"w":-0.1806231439113617},"size":32.19392013549805,"orthographic":false}