{"cameraMode":{"drawMode":0,"name":"Shaded","section":"Shading Mode"},"sceneLighting":true,"audioPlay":false,"sceneViewState":{"m_AlwaysRefresh":false,"showFog":true,"showSkybox":true,"showFlares":true,"showImageEffects":true,"showParticleSystems":true,"showVisualEffectGraphs":true,"m_FxEnabled":true},"in2DMode":false,"pivot":{"x":3.601573944091797,"y":6.618273735046387,"z":-19.55232810974121},"rotation":{"x":-0.5199582576751709,"y":0.035756032913923267,"z":-0.023227248340845109,"w":-0.8535030484199524},"size":21.237123489379884,"orthographic":false}