{"cameraMode":{"drawMode":0,"name":"Shaded","section":"Shading Mode"},"sceneLighting":true,"audioPlay":false,"sceneViewState":{"m_AlwaysRefresh":false,"showFog":true,"showSkybox":true,"showFlares":true,"showImageEffects":true,"showParticleSystems":true,"showVisualEffectGraphs":true,"m_FxEnabled":true},"in2DMode":false,"pivot":{"x":-4.736795902252197,"y":-6.682769298553467,"z":12.593414306640625},"rotation":{"x":-0.1363406628370285,"y":0.007530864793807268,"z":-0.0023493459448218347,"w":-0.9904398918151856},"size":25.283313751220704,"orthographic":false}