{"cameraMode":{"drawMode":0,"name":"Shaded","section":"Shading Mode"},"sceneLighting":false,"audioPlay":false,"sceneViewState":{"m_AlwaysRefresh":false,"showFog":true,"showSkybox":false,"showFlares":true,"showImageEffects":true,"showParticleSystems":true,"showVisualEffectGraphs":true,"m_FxEnabled":true},"in2DMode":false,"pivot":{"x":21.12641143798828,"y":-0.10006916522979737,"z":-3.9527649879455568},"rotation":{"x":0.2770734429359436,"y":0.6170270442962647,"z":-0.24618563055992127,"w":0.6942281126976013},"size":1.8574206829071046,"orthographic":false}