{"cameraMode":{"drawMode":0,"name":"Shaded","section":"Shading Mode"},"sceneLighting":true,"audioPlay":false,"sceneViewState":{"m_AlwaysRefresh":false,"showFog":true,"showSkybox":true,"showFlares":true,"showImageEffects":true,"showParticleSystems":true,"showVisualEffectGraphs":true,"m_FxEnabled":true},"in2DMode":false,"pivot":{"x":-44.532840728759769,"y":7.221248149871826,"z":-2.054523229598999},"rotation":{"x":0.002924910979345441,"y":0.9405908584594727,"z":0.008515635505318642,"w":-0.33967310190200808},"size":0.8660253882408142,"orthographic":false}