{"cameraMode":{"drawMode":0,"name":"Shaded","section":"Shading Mode"},"sceneLighting":false,"audioPlay":false,"sceneViewState":{"m_AlwaysRefresh":false,"showFog":true,"showSkybox":false,"showFlares":true,"showImageEffects":true,"showParticleSystems":true,"showVisualEffectGraphs":true,"m_FxEnabled":true},"in2DMode":false,"pivot":{"x":-34.70002746582031,"y":3.0747506618499758,"z":-35.044334411621097},"rotation":{"x":0.24991710484027863,"y":0.3170681893825531,"z":-0.08548737317323685,"w":0.9108554720878601},"size":1.4420723915100098,"orthographic":false}